<?xml version="1.0" encoding="UTF-8"?>
<!DOCTYPE logback>
<configuration>
	<include resource="org/springframework/boot/logging/logback/base.xml" />

	<property name="logname" value="demo" />

	<!--ログレベル設定開発用 -->
	<springProfile name="dev">
		<property name="logpath" value=".\log\" />
		<!--ログレベル -->
		<property name="LOG_LEVEL" value="INFO" />
		<property name="BATCH_LOG_LEVEL" value="INFO" />
		<!--log4jdbc-log4j2 -->
		<logger name="jdbc.sqltiming" level="INFO" />
		<logger name="jdbc.resultsettable" level="INFO" />
		<logger name="jdbc.connection" level="WARN" />
	</springProfile>

	<!--ログレベル設定本番用 -->
	<springProfile name="prd">
		<property name="logpath" value=".\log\" />
		<!--ログレベル -->
		<property name="LOG_LEVEL" value="INFO" />
		<property name="BATCH_LOG_LEVEL" value="INFO" />
		<!--log4jdbc-log4j2 -->
		<logger name="jdbc.sqltiming" level="INFO" />
		<logger name="jdbc.resultsettable" level="INFO" />
		<logger name="jdbc.connection" level="WARN" />
	</springProfile>

	<!--共通log4jdbc-log4j2 -->
	<logger name="jdbc" level="OFF" />
	<logger name="jdbc.sqlonly" level="OFF" />
	<logger name="jdbc.resultset" level="OFF"></logger>
	<logger name="jdbc.audit" level="OFF" />


	<!--出力ルール～WEB～ -->
	<!--場合によってはファイルサイズごとのRollに変更する -->
	<appender name="FILE_WEB"
		class="ch.qos.logback.core.rolling.RollingFileAppender">
		<!--日ごとにログファイル作成 -->
		<file>${catalina.base}\gp-logs\AcProcessor\AcProcessor.log</file>
		<!--日ごとにログファイル作成 -->
		<rollingPolicy class="ch.qos.logback.core.rolling.TimeBasedRollingPolicy">
			<!--日付けが変わったら年月フォルダ内にzipファイル作成 -->
			<fileNamePattern>${catalina.base}\gp-logs\AcProcessor\AcProcessor-%d{yyyy-MM-dd}.%i.log.zip</fileNamePattern>
			<timeBasedFileNamingAndTriggeringPolicy class="ch.qos.logback.core.rolling.SizeAndTimeBasedFNATP">
				<!--ファイルサイズが１０ＭＢ以上なら新規作成 -->
				<maxFileSize>10MB</maxFileSize>
			</timeBasedFileNamingAndTriggeringPolicy>
			<!--3日後に破棄 -->
			<maxHistory>3</maxHistory>
		</rollingPolicy>

		<encoder>
			<charset>UTF-8</charset>
			<!--出力内容 -->
			<pattern>%d{yyyy/MM/dd HH:mm:ss}\t%-5level\t%msg%n</pattern>
		</encoder>
	</appender>

	<!-- ログレベルと使用出力ルール -->
	<logger name="AcProcessor"
		level="${LOG_LEVEL}">
		<appender-ref ref="FILE_WEB" />
	</logger>

</configuration>
