{
	"declare": [
		{
			"id": "G1HYOSHO_R0010L",
			"name": "表彰台帳",
			"sheets": [
				{
					"sheetName": "表彰台帳",
					"pageSetup": {
						"fitWidth": 1,
						"fitHeight": 0,
						"landscape": true,
						"repeatRows": "$1:$6"
					}
				},
				{
					"sheetName": "_MAIN",
					"layoutSettings": {
						"firstHeader": [
							{
								"sheetName": "_PAGE_HEADER"
							}
						],
						"loopBody": [
							{
								"sheetName": "_PAGE_BODY",
								"condition": "bodyCond",
								"writerName": "mainWriter"
							}
						]
					},
					"writers": [
						{
							"writerName": "mainWriter",
							"condition": "bodyWriterCond",
							"actions": [
								{
									"pos": "A1:J1",
									"posDef": "bodyPosDef",
									"binding": "#{params.表彰台帳用リスト[#{dsStates.setterTotalIndex}]}",
									"sets": [
										{
											"value": "#{事案番号}"
										},
										{
											"value": "#{表彰種別名称}"
										},
										{
											"value": "#{printer.convertDate(#{表彰YMD})}"
										},
										{
											"value": "#{所属名称}"
										},
										{
											"value": "#{係別}"
										},
										{
											"value": "#{階級}"
										},
										{
											"value": "#{氏名}"
										},
										{
											"value": "#{副賞}",
											"sets": [
												{
													"value": "#{年齢}",
													"offsetY": 1
												}
											]
										},
										{
											"value": "#{功労概要}"
										},
										{
											"value": "#{printer.convertDate(#{交付YMD})}"
										}
									]
								}
							]
						}
					],
					"remove": true,
					"rename": "表彰台帳"
				},
				{
					"sheetName": "_PAGE_HEADER",
					"remove": true
				},
				{
					"sheetName": "_PAGE_BODY",
					"remove": true
				}
			]
		}
	]
}